{"lr": 0.09717773426843308, "dropout": 0.041746556758880615, "gradient_norm": 2.1459577083587646, "batch_size": 45, "patience": 29, "beta": 0.6567830055952072, "z_dim": 59, "weight_decay": 0.07492030262947083}