{"lr": 1e-06, "dropout": 0.11261911856655778, "gradient_norm": 1.0758700991063397, "batch_size": 50, "patience": 35, "beta": 3.555458320299456, "z_dim": 90, "weight_decay": 0.0}