{"lr": 0.0015835649103978556, "dropout": 0.3667760565876961, "gradient_norm": 2.3529546968638897, "batch_size": 64, "patience": 10, "beta": 1.0165061055682603, "weight_decay": 0.05374839073047042}