{"lr": 0.008166192379728803, "dropout": 0.24468490986102084, "gradient_norm": 1.418856975925448, "batch_size": 63, "patience": 42, "beta": 4.55562644180451, "z_dim": 67, "weight_decay": 0.0626311998475598}