{"lr": 0.0030777928518496093, "dropout": 0.252131231911475, "gradient_norm": 0.7814138036745639, "batch_size": 41, "patience": 23, "beta": 14.512576583531615, "z_dim": 19}