{"lr": 0.00021229928018253513, "dropout": 0.1676340512931347, "gradient_norm": 1.6479530930519104, "batch_size": 34, "patience": 15, "beta": 5.617803396098315, "z_dim": 32, "weight_decay": 0.036341418977826834}