{"lr": 0.0012606731575720098, "dropout": 0.3559470818527893, "gradient_norm": 0.6527555093759527, "batch_size": 47, "patience": 50, "beta": 4.928198927816798, "z_dim": 99, "weight_decay": 0.02182497026583423}