{"lr": 0.0010211061380764948, "dropout": 0.37932467868813174, "gradient_norm": 2.177507865588935, "batch_size": 47, "patience": 40, "beta": 3.746199832608492, "z_dim": 128, "weight_decay": 0.0}