{"lr": 0.00037551638141986585, "dropout": 0.22106517380458002, "gradient_norm": 1.111978376471988, "batch_size": 51, "patience": 41, "beta": 14.876919696527274, "z_dim": 91}