{"lr": 0.00011421069108437983, "dropout": 0.27627024354929425, "gradient_norm": 1.6596601727534535, "batch_size": 51, "patience": 28, "beta": 2.4951022711616595, "z_dim": 17}