{"lr": 0.014753467368817722, "dropout": 0.27133545080559646, "gradient_norm": 1.295181555546169, "batch_size": 50, "patience": 34, "beta": 3.1015677411233966, "z_dim": 78, "weight_decay": 0.07422233473702296}