{"lr": 0.0011418509724882378, "dropout": 0.24915580561073153, "gradient_norm": 1.16586207586733, "batch_size": 47, "patience": 25, "beta": 1.700167376873895, "z_dim": 6}