{"lr": 0.01190860370302146, "dropout": 0.21885780934477503, "gradient_norm": 2.0488798711351173, "batch_size": 47, "patience": 25, "beta": 11.228655144014224, "z_dim": 12}