{"lr": 1e-06, "dropout": 0.14821758819938977, "gradient_norm": 1.6894680045371069, "batch_size": 57, "patience": 20, "beta": 1.0, "z_dim": 19}