{"lr": 0.017134026962961253, "dropout": 0.2184249870662489, "gradient_norm": 0.7678186034039837, "batch_size": 50, "patience": 31, "beta": 0.5383323417330466, "z_dim": 39}