{"lr": 0.00045111193683122926, "dropout": 0.2441677759641197, "gradient_norm": 0.5380341363561465, "batch_size": 52, "patience": 50, "beta": 4.555744557354845, "z_dim": 73, "weight_decay": 0.03978513015770175}