{"lr": 0.013371065601385575, "dropout": 0.4, "gradient_norm": 2.205866569856645, "batch_size": 34, "patience": 30, "beta": 5.058911899699279, "z_dim": 116, "weight_decay": 0.0}