{"lr": 0.004722236212387222, "dropout": 0.1785379984788209, "gradient_norm": 1.3662209599284263, "batch_size": 36, "patience": 22, "beta": 0.7457842257356855, "z_dim": 28}