{"lr": 0.0026386588884638857, "dropout": 0.13094207962796464, "gradient_norm": 1.7550247690267413, "batch_size": 42, "patience": 15, "beta": 1.5276624452723973, "z_dim": 37}