{"lr": 0.03857152763738619, "dropout": 0.23781226687044837, "gradient_norm": 1.521430766146196, "batch_size": 44, "patience": 24, "beta": 30.86960032980447, "z_dim": 5}