{"lr": 0.00912672339715857, "dropout": 0.21101816109233862, "gradient_norm": 1.390950425826484, "batch_size": 46, "patience": 31, "beta": 0.19014856482927037, "z_dim": 40}