{"lr": 2.3256249356546298e-05, "dropout": 0.2454426659416416, "gradient_norm": 1.090432617342111, "batch_size": 42, "patience": 31, "beta": 39.69166742267527, "z_dim": 1}