{"lr": 0.029237063399190362, "dropout": 0.2924309619930313, "gradient_norm": 1.4151665484341915, "batch_size": 51, "patience": 41, "beta": 0.7490443713352309, "z_dim": 1}