{"lr": 0.005407516692068437, "dropout": 0.2878961521114282, "gradient_norm": 2.336514120604844, "batch_size": 59, "patience": 26, "beta": 1.0586784496625503, "weight_decay": 0.03610825630593919}