{"lr": 0.0006175855210364098, "dropout": 0.1223064454252339, "gradient_norm": 1.485987790773335, "batch_size": 43, "patience": 39, "beta": 4.258967652759723, "z_dim": 11}