{"lr": 0.00646305539070134, "dropout": 0.10782572194200674, "gradient_norm": 1.7510705625066747, "batch_size": 52, "patience": 19, "beta": 2.064674419557605, "z_dim": 72, "weight_decay": 0.06344585463209276}