{"lr": 0.00024001431959949355, "dropout": 0.04697880653561481, "gradient_norm": 1.3046400367547553, "batch_size": 52, "patience": 32, "beta": 41.63844981887395, "z_dim": 14}