{"lr": 0.0011658003768995624, "dropout": 0.2214177744478199, "gradient_norm": 0.7272128118530231, "batch_size": 54, "patience": 42, "beta": 4.20243045920359, "z_dim": 75, "weight_decay": 0.04043256196065719}