{"lr": 6.63962343790357e-05, "dropout": 0.04297605334880447, "gradient_norm": 1.2792959586469368, "batch_size": 43, "patience": 44, "beta": 4.005632706690677, "z_dim": 24, "weight_decay": 0.0533881447720137}