{"lr": 0.0005931781100861807, "dropout": 0.2509462529084501, "gradient_norm": 1.5890889630503695, "batch_size": 50, "patience": 28, "beta": 20.667616404817053, "z_dim": 13}