{"lr": 0.02938343063807321, "dropout": 0.3975710417086274, "gradient_norm": 0.9041022244125001, "batch_size": 45, "patience": 46, "beta": 6.896533377427728, "z_dim": 103, "weight_decay": 0.009491139807204271}