{"lr": 7.664975256921729e-05, "dropout": 0.05778780897994567, "gradient_norm": 1.8213731057665896, "batch_size": 49, "patience": 37, "beta": 6.6742337535856535, "z_dim": 34, "weight_decay": 0.044121717145511996}