{"lr": 0.00168198915329701, "dropout": 0.10845131098628753, "gradient_norm": 1.9493899629253106, "batch_size": 43, "patience": 38, "beta": 37.77141745917323, "z_dim": 23}