{"lr": 0.0004241787572308467, "dropout": 0.2894440203861117, "gradient_norm": 1.9031890818882748, "batch_size": 40, "patience": 38, "beta": 2.9359619060355224, "z_dim": 35}