{"lr": 0.007390626603619901, "dropout": 0.05543489296509141, "gradient_norm": 0.8192453895425106, "batch_size": 35, "patience": 29, "beta": 4.1730047497765685, "z_dim": 12}