{"lr": 0.007133143542328512, "dropout": 0.2299051874366907, "gradient_norm": 1.3928430405128012, "batch_size": 48, "patience": 34, "beta": 3.030303291059564, "z_dim": 76, "weight_decay": 0.03467600909598748}