{"lr": 0.008461310696552241, "dropout": 0.2774440665324423, "gradient_norm": 0.9090868823022911, "batch_size": 60, "patience": 36, "beta": 2.9288725775270357, "z_dim": 31}