{"lr": 3.1131335530897105e-06, "dropout": 0.2323094573405923, "gradient_norm": 1.1401526503245107, "batch_size": 62, "patience": 28, "beta": 17.58542050554697, "z_dim": 1}