{"lr": 0.012492345005785168, "dropout": 0.34833226498795167, "gradient_norm": 0.8051809452244725, "batch_size": 42, "patience": 26, "beta": 3.535791731547991, "z_dim": 83, "weight_decay": 0.015058553963467367}