{"lr": 0.0018678540755814827, "dropout": 0.09652651101350784, "gradient_norm": 2.479366086423397, "batch_size": 33, "patience": 11, "beta": 1.2684223889545438, "z_dim": 4}