{"lr": 0.0022193219644194833, "dropout": 0.21845276164437785, "gradient_norm": 2.311089895359026, "batch_size": 34, "patience": 45, "beta": 1.8916550069036036, "z_dim": 37}