{"lr": 0.00047971070911047157, "dropout": 0.10974889138234888, "gradient_norm": 1.5412040215709208, "batch_size": 54, "patience": 30, "beta": 5, "z_dim": 19, "weight_decay": 0.03624344138212629}