{"lr": 6.796722736287447e-05, "dropout": 0.014674565568566323, "gradient_norm": 1.4638227578252554, "batch_size": 43, "patience": 44, "beta": 8.159844226390124, "z_dim": 40, "weight_decay": 0.056109243631362916}