{"lr": 0.007701380101293699, "dropout": 0.18486694040894447, "gradient_norm": 2.0240287847851786, "batch_size": 50, "patience": 49, "beta": 52.38422796798215, "z_dim": 10}