{"lr": 0.08339508918894345, "dropout": 0.10371493461202237, "gradient_norm": 2.1593809731076696, "batch_size": 32, "patience": 44, "beta": 30.34928831894596, "z_dim": 11}