{"lr": 0.013318143721176833, "dropout": 0.15185873139764997, "gradient_norm": 1.6261173536703115, "batch_size": 41, "patience": 17, "beta": 2.421934622140863, "z_dim": 35}