{"lr": 0.0023570645746190198, "dropout": 0.1586026091456393, "gradient_norm": 1.6663345637656477, "batch_size": 42, "patience": 25, "beta": 2.58939722993346, "z_dim": 41}