{"lr": 0.005547388293795827, "dropout": 0.23256938850684772, "gradient_norm": 1.1111411688807658, "batch_size": 36, "patience": 33, "beta": 1.9970456494148137, "z_dim": 17}