{"lr": 0.001728490612494898, "dropout": 0.3180454355095319, "gradient_norm": 1.8210514927574344, "batch_size": 43, "patience": 46, "beta": 20.70346150863993, "z_dim": 6}