{"lr": 0.00040836416088427875, "dropout": 0.2643455364792215, "gradient_norm": 1.774913737502252, "batch_size": 63, "patience": 21, "beta": 13.741184515653392, "z_dim": 28}