{"lr": 0.0011002177829882124, "dropout": 0.18356120064664372, "gradient_norm": 1.5022896022282473, "batch_size": 61, "patience": 30, "beta": 1.9441448409635362, "weight_decay": 0.04848091100224547}