{"lr": 1.0206526366331684e-05, "dropout": 0.3254401381479969, "gradient_norm": 1.136983714971441, "batch_size": 56, "patience": 24, "beta": 1.2613548865989148, "z_dim": 8}