{"lr": 0.0005179607011058232, "dropout": 0.32582145552630354, "gradient_norm": 2.0600771667611424, "batch_size": 51, "patience": 18, "beta": 3.1037589543869313, "z_dim": 113, "weight_decay": 0.006602360119916275}