{"lr": 0.016317189042589737, "dropout": 0.13726949779317765, "gradient_norm": 1.0539304377417291, "batch_size": 43, "patience": 38, "beta": 5.354982494677917, "z_dim": 18}