{"lr": 0.0006833546183989345, "dropout": 0.23748731009438037, "gradient_norm": 1.0274825618770422, "batch_size": 63, "patience": 45, "beta": 2.6750298622989, "z_dim": 73, "weight_decay": 0.06610456308593364}