{"lr": 0.0008770237355739542, "dropout": 0.2877065555741057, "gradient_norm": 1.4060632728449542, "batch_size": 49, "patience": 40, "beta": 6.239466526569044, "z_dim": 53, "weight_decay": 0.0}