{"lr": 0.013336610575407203, "dropout": 0.16315908127953538, "gradient_norm": 0.7796731039202024, "batch_size": 57, "patience": 37, "beta": 106.92718815822582, "z_dim": 12}