{"lr": 0.0002051741908398686, "dropout": 0.16102967058768808, "gradient_norm": 1.469054189148188, "batch_size": 40, "patience": 49, "beta": 33.359563542286224, "z_dim": 63}