{"lr": 0.0024699946224999215, "dropout": 0.29932392944424496, "gradient_norm": 1.4030521792343777, "batch_size": 52, "patience": 20, "beta": 0.9024086048333148, "z_dim": 37, "weight_decay": 0.05751878387385284}