{"lr": 0.001210393706588316, "dropout": 0.12352296423458503, "gradient_norm": 1.7078529270615213, "batch_size": 40, "patience": 28, "beta": 4.532543712161324, "z_dim": 19, "weight_decay": 0.041515477667575}