{"lr": 0.007684152791513903, "dropout": 0.17527755966901035, "gradient_norm": 2.1416353002063016, "batch_size": 51, "patience": 6, "beta": 1.1281261676998506, "z_dim": 87}