{"lr": 4.0124078415321285e-05, "dropout": 0.2488110288977623, "gradient_norm": 1.0110716354101896, "batch_size": 53, "patience": 22, "beta": 0.1226909233922227, "z_dim": 1}