{"lr": 0.0039313874195325135, "dropout": 0.12112972651051718, "gradient_norm": 1.2784254359114826, "batch_size": 53, "patience": 31, "beta": 10.632823425684398, "z_dim": 20}