{"lr": 0.007860014885852225, "dropout": 0.4, "gradient_norm": 1.8796121444605347, "batch_size": 50, "patience": 33, "beta": 3.222676704154597, "z_dim": 104, "weight_decay": 0.03585960222915033}