{"lr": 0.004222004096523031, "dropout": 0.11446595198226289, "gradient_norm": 1.8213311422754719, "batch_size": 53, "patience": 27, "beta": 30.197747119999562, "z_dim": 1}