{"lr": 0.0036942231335595093, "dropout": 0.31494269334744746, "gradient_norm": 1.5219558554419412, "batch_size": 46, "patience": 220, "beta": 0.12808678943466068, "z_dim": 42}