{"lr": 3.653506254844553e-06, "dropout": 0.22916984966967902, "gradient_norm": 1.2138305624060592, "batch_size": 62, "patience": 21, "beta": 11.043822317932745, "z_dim": 7}