{"lr": 0.08770821226539312, "dropout": 0.32852051591666737, "gradient_norm": 1.6239288206912055, "batch_size": 40, "patience": 45, "beta": 2.9394520464161165, "z_dim": 26}