{"lr": 1.9120298788266013e-05, "dropout": 0.25499031041438575, "gradient_norm": 1.755548673797125, "batch_size": 60, "patience": 9, "beta": 0.13185459013974188, "z_dim": 4}