{"lr": 0.0005267128179816058, "dropout": 0.16639299727976323, "gradient_norm": 1.4624375104904175, "batch_size": 46, "patience": 9, "beta": 0.1176494746480167, "z_dim": 25}