{"lr": 0.015297386981332926, "dropout": 0.16305051572998758, "gradient_norm": 1.901421421272119, "batch_size": 49, "patience": 30, "beta": 1.166475931490147, "z_dim": 60}