{"lr": 0.0004833860062679097, "dropout": 0.34891832943379214, "gradient_norm": 0.534723165061671, "batch_size": 57, "patience": 27, "beta": 5.68616621133374, "z_dim": 128, "weight_decay": 0.1, "gamma": 1.0, "mean": 471358.0021428571, "std": 605755.0599658054}