{"lr": 0.0019458462561786447, "dropout": 0.03924777731931729, "gradient_norm": 2.5, "batch_size": 64, "patience": 50, "z_dim": 24, "weight_decay": 0.0, "gamma": 4.0, "delta": 6.0, "mean": 12.277176164409967, "std": 1.3017633668654296}