{"lr": 0.0009325654909905219, "dropout": 0.0, "gradient_norm": 0.5, "batch_size": 64, "patience": 50, "z_dim": 32, "weight_decay": 0.0, "mean": 14.990189390463337, "std": 1.907406638481874}