{"lr": 0.0011087393710944439, "dropout": 0.0, "gradient_norm": 1.2359491843779304, "batch_size": 64, "patience": 50, "z_dim": 32, "weight_decay": 0.0, "mean": 12.277176164409967, "std": 1.3017633668654296}