{"lr": 7.991343772674129e-05, "dropout": 0.22563372959052944, "gradient_norm": 0.8276045056102896, "batch_size": 64, "patience": 50}