{"lr": 9.056168491041373e-05, "dropout": 0.15339219088772849, "gradient_norm": 1.9209266120756663, "batch_size": 64, "patience": 32}