{"lr": 0.002216775636976924, "dropout": 0.10749630963534312, "gradient_norm": 0.5, "batch_size": 64, "patience": 25, "z_dim": 32, "weight_decay": 0.0, "mean": 7.20073015968914, "std": 1.9169633706294502}