{"lr": 2.0499251800536495e-05, "dropout": 0.0, "gradient_norm": 1.973501355601883, "patience": 25}