{"lr": 6.495668400300486e-05, "dropout": 0.0721815187484026, "gradient_norm": 0.9426601957529783, "batch_size": 53, "patience": 34}