{"lr": 8.0890576412484e-05, "dropout": 0.4, "gradient_norm": 0.6989321127438926, "patience": 37}