{"lr": 0.0017975606724604549, "dropout": 0.025150208175182345, "gradient_norm": 2.3732603024691343, "batch_size": 52, "patience": 35, "beta": 48.175816993290375, "z_dim": 31}