{"lr": 0.005250831303445107, "dropout": 0.2766612604775023, "gradient_norm": 2.2259939066164653, "batch_size": 34, "patience": 29, "beta": 5.299714270257726, "z_dim": 19}