{"lr": 0.04181284935545175, "dropout": 0.32308531962335113, "gradient_norm": 0.5564214643090963, "batch_size": 39, "patience": 44, "beta": 0.34601789063301613, "z_dim": 14}