{"lr": 0.001071147287422002, "dropout": 0.2632927701564121, "gradient_norm": 1.144955940492892, "batch_size": 32, "patience": 49, "beta": 5.560058354731132, "z_dim": 18}