{"lr": 0.003287243574156868, "dropout": 0.28983386462071675, "gradient_norm": 1.905436933711572, "batch_size": 54, "patience": 35, "beta": 16.006258861323005, "z_dim": 15}