{"lr": 0.000682245180261978, "dropout": 0.032476821114229636, "gradient_norm": 1.1170107360524835, "batch_size": 53, "patience": 48, "beta": 13.54272896112512, "z_dim": 21}