{"lr": 0.00016874609919760873, "dropout": 0.24857585424788908, "gradient_norm": 0.9762967874189951, "patience": 16, "batch_size": 49, "beta": 1.590189542103946, "z_dim": 8}