{"lr": 0.04327331646698088, "dropout": 0.30522789633253, "gradient_norm": 2.171959145081033, "patience": 34, "batch_size": 32, "beta": 1.6033227733650264, "z_dim": 4}