{"lr": 0.0007293112118941346, "dropout": 0.1920163306401453, "gradient_norm": 1.4219034299810906, "batch_size": 52, "patience": 44, "beta": 39.31767986644778, "z_dim": 30}