{"lr": 0.1, "dropout": 0.3550595446809555, "gradient_norm": 1.5047292933232668, "patience": 18, "batch_size": 46, "beta": 1.8526291006365616}