{"lr": 0.0004927435740806044, "dropout": 0.39218774816000757, "gradient_norm": 1.5418472781011618, "batch_size": 36, "patience": 28, "beta": 8.367705288612651, "z_dim": 55}