{"lr": 0.0007503908030955188, "dropout": 0.23190007823969255, "gradient_norm": 1.9439670634715738, "patience": 24, "batch_size": 32, "beta": 2.5895464141887774, "z_dim": 4}