{"lr": 7.511865214329459e-05, "dropout": 0.1318463344423908, "gradient_norm": 1.732100108549316, "patience": 36, "batch_size": 32, "beta": 2.9227939638880023, "z_dim": 4}