{"lr": 0.002364543835353946, "dropout": 0.33111241052312174, "gradient_norm": 1.689837863371988, "patience": 19, "batch_size": 32, "beta": 2.5980280806272837, "z_dim": 4}
