{"lr": 0.0005125962087751443, "dropout": 0.3293159843537518, "gradient_norm": 1.621908959216071, "patience": 35, "batch_size": 32, "beta": 2.320844789604989, "z_dim": 1}