{"lr": 0.0001013179542832857, "dropout": 0.3629713757879142, "gradient_norm": 0.6538585303007767, "patience": 8, "batch_size": 49, "beta": 1.8763723109928347}