{"lr": 0.011598337047344937, "dropout": 0.39026908715173486, "gradient_norm": 1.5272280471995512, "patience": 19, "batch_size": 32, "beta": 2.652878655430626, "z_dim": 2}