{"lr": 0.03846197517390611, "dropout": 0.28450971109147727, "gradient_norm": 1.2668344338322086, "patience": 17, "batch_size": 32, "beta": 1.3636073683574104, "z_dim": 4}