{"lr": 0.0008322276352487866, "dropout": 0.17681299492815783, "gradient_norm": 0.6628745410139715, "patience": 24, "batch_size": 32, "beta": 1.2839156085050667, "z_dim": 16}