{"lr": 3.3227746839406343e-06, "dropout": 0.2737676858901978, "gradient_norm": 2.0026458501815796, "batch_size": 61, "patience": 22, "beta": 10.671328582810393, "z_dim": 11}