{"lr": 0.0036202571817594243, "dropout": 0.18077893555164337, "gradient_norm": 1.764605164527893, "patience": 47, "batch_size": 59, "beta": 2.5632870237309318, "z_dim": 32}