{"lr": 0.0005585829809045581, "dropout": 0.10498596090769403, "gradient_norm": 1.1358142084171745, "patience": 30, "batch_size": 32, "beta": 1.5130075973815211, "z_dim": 16}