{"lr": 0.0031969746958660497, "dropout": 0.14915443351492286, "gradient_norm": 0.741762051358819, "patience": 29, "batch_size": 42, "beta": 1.208549349572648, "z_dim": 8}