{"lr": 0.050972199673392594, "dropout": 0.47993949707597494, "gradient_norm": 1.82806795835495, "patience": 14, "batch_size": 60, "z_dim": 16}