{"lr": 2.8007830086507755e-05, "dropout": 0.5, "gradient_norm": 2.5, "patience": 39, "batch_size": 36, "beta": 1.1241493406840959}