{"lr": 0.0001787314075178448, "dropout": 0.43032801017062444, "gradient_norm": 1.9851391004750556, "patience": 17, "batch_size": 32, "beta": 1.6789254525933912, "z_dim": 2}