{"lr": 0.0005375703383589421, "dropout": 0.0, "gradient_norm": 1.4457653428978414, "patience": 23, "batch_size": 61, "beta": 1.1174679563893015}