{"lr": 0.1, "dropout": 0.36326763334302353, "gradient_norm": 1.3391324570516476, "patience": 27, "batch_size": 40, "beta": 1.0184918616788663}