{"lr": 0.024946981821883783, "dropout": 0.3017242173855868, "gradient_norm": 0.6890941283360437, "patience": 29, "batch_size": 32, "beta": 3.759751164361416, "z_dim": 1}