{"lr": 0.0306091818009613, "dropout": 0.182731184027346, "gradient_norm": 0.9412986750474199, "patience": 35, "batch_size": 32, "beta": 1.5279489418816796, "z_dim": 4}