{"lr": 0.0002333984244205066, "dropout": 0.26388985058292747, "gradient_norm": 2.0735695622861385, "patience": 25, "batch_size": 52, "beta": 0.428038791694418, "z_dim": 23}