{"lr": 0.003098233883228563, "dropout": 0.17118185424992927, "gradient_norm": 2.3022304970037943, "patience": 46, "batch_size": 51, "beta": 1.9039607798363594, "z_dim": 2}