{"lr": 0.004693904446054095, "dropout": 0.034795304770930895, "gradient_norm": 0.9660498233515333, "patience": 36, "batch_size": 32, "beta": 2.9742032790377797, "z_dim": 1}