{"lr": 0.003970974606391229, "dropout": 0.10489486817668989, "gradient_norm": 1.8539344128946884, "patience": 35, "batch_size": 48, "beta": 1.7744351549806967, "z_dim": 1}