{"lr": 0.006792209397185712, "dropout": 0.19147144094932403, "gradient_norm": 2.332451320397823, "patience": 19, "batch_size": 32, "beta": 1.538910695414197, "z_dim": 4}