{"lr": 0.004825830269298588, "dropout": 0.3793954357386348, "gradient_norm": 1.4337788703700909, "patience": 40, "batch_size": 51, "beta": 1.7777719253924806, "z_dim": 2}