{"lr": 0.00441164248449065, "dropout": 0.47339503932744265, "gradient_norm": 0.723120890557766, "patience": 10, "batch_size": 62, "beta": 3.44774347451916}