{"lr": 0.03980754364391917, "dropout": 0.2748891639837845, "gradient_norm": 1.9578581867387659, "patience": 32, "batch_size": 32, "beta": 1.238674180230283, "z_dim": 4}