{"lr": 0.004029941844048678, "dropout": 0.26504867439951413, "gradient_norm": 0.7284668998099136, "patience": 33, "batch_size": 32, "beta": 2.4776351981180067, "z_dim": 1}