{"lr": 0.0019614127530066983, "dropout": 0.1843175470437673, "gradient_norm": 1.652044596718735, "patience": 44, "batch_size": 32, "beta": 2.5889826274572965, "z_dim": 32}