{"lr": 0.0006989662874572867, "dropout": 0.017567717283964158, "gradient_norm": 2.314239861443639, "batch_size": 35, "patience": 35, "beta": 102.63452225183251, "z_dim": 18}