{"lr": 0.1, "dropout": 0.37016233057676007, "gradient_norm": 2.239888104931609, "patience": 26, "batch_size": 51, "beta": 1.4937492497681477}