{"lr": 0.03996831251257759, "dropout": 0.3970008292235434, "gradient_norm": 1.8552157580852509, "patience": 19, "batch_size": 57, "beta": 1.6211369067580548, "z_dim": 1}