{"lr": 0.04206603534106994, "dropout": 0.1253711936596131, "gradient_norm": 1.4891905199633841, "patience": 50, "batch_size": 43, "beta": 1.1358592800792127, "z_dim": 2}