{"lr": 0.02236095047693198, "dropout": 0.2566021423786879, "gradient_norm": 1.3914141561836004, "batch_size": 44}