{"lr": 0.0006146812648359587, "dropout": 0.19623497128486633, "gradient_norm": 2.0474846363067627, "patience": 26, "batch_size": 62, "beta": 1.3075118410311544, "z_dim": 32}
