{"lr": 0.00041837862795730726, "dropout": 0.5, "gradient_norm": 1.3005081426616514, "patience": 19, "batch_size": 32, "beta": 2.414759515219913, "z_dim": 32}