{"lr": 0.00721964412645368, "dropout": 0.3233317283126573, "gradient_norm": 1.8981549713536874, "patience": 30, "batch_size": 35}