{"lr": 0.1, "dropout": 0.4875997177024334, "gradient_norm": 1.5993176922736538, "patience": 20, "batch_size": 42}