{"lr": 0.0014216849154255083, "dropout": 0.3325609967556704, "gradient_norm": 0.7163975874835389, "patience": 28, "batch_size": 49}