{"lr": 0.003458253334550039, "dropout": 0.18602561950683594, "gradient_norm": 2.4560039043426514, "patience": 25, "batch_size": 49, "z_dim": 2}