{"lr": 0.00012975936346231644, "dropout": 0.34491766100498283, "gradient_norm": 1.2145680994739245, "patience": 35, "batch_size": 57, "z_dim": 64}