{"lr": 4.663072569070704e-06, "dropout": 0.18576635420322418, "gradient_norm": 0.5922347977757454, "patience": 17, "batch_size": 42, "z_dim": 48}