{"lr": 0.0003015391251035437, "dropout": 0.2588200541213155, "gradient_norm": 1.119260050356388, "patience": 21, "batch_size": 33, "z_dim": 2}