{"lr": 0.003919412819592201, "dropout": 0.24892865121364594, "gradient_norm": 1.0213869214057922, "patience": 29, "batch_size": 50, "z_dim": 8}