{"lr": 4.675239775382956e-06, "dropout": 0.14524606619817274, "gradient_norm": 1.2420635586090876, "patience": 25, "batch_size": 43, "z_dim": 32}