{"lr": 0.026622988907322287, "dropout": 0.33654487178624953, "gradient_norm": 1.6989454434331552, "patience": 24, "batch_size": 51, "beta": 2.3807914574099187}