{"lr": 0.0009526002221530611, "dropout": 0.23041550135435684, "gradient_norm": 2.2702936397824525, "patience": 47, "batch_size": 64, "beta": 3.3977560340320974}