{"lr": 0.005232478854691207, "dropout": 0.31981278211833997, "gradient_norm": 1.6289553184878813, "patience": 31, "batch_size": 51, "beta": 1.7674998787294112}