{"lr": 0.00022867116175090058, "dropout": 0.29373992906015073, "gradient_norm": 1.2159142504158662, "patience": 22, "batch_size": 36, "beta": 3.141069707708338}