{"lr": 0.0023102382965129787, "dropout": 0.0921042338013649, "gradient_norm": 1.2061458807438612, "patience": 17, "batch_size": 64, "beta": 2.4742120572051256}