{"lr": 0.016720022876564423, "dropout": 0.026721316825103522, "gradient_norm": 1.7964619003982583, "batch_size": 47, "patience": 27, "beta": 17.294638425705998, "z_dim": 1}