{"lr": 0.0027159505386703644, "dropout": 0.17279299332439912, "gradient_norm": 1.470490433584855, "batch_size": 41, "patience": 37, "beta": 11.538564922287843, "z_dim": 22}