{"lr": 0.01129100140788162, "dropout": 0.1729268456878366, "gradient_norm": 1.3908191112102815, "batch_size": 33, "patience": 34, "beta": 11.739807523279538, "z_dim": 3}