{"lr": 0.008551466787967074, "dropout": 0.17529392804075683, "gradient_norm": 0.9374832767079879, "batch_size": 47, "patience": 22, "beta": 1.1504995042896147, "z_dim": 24}