{"lr": 0.022520311913724868, "dropout": 0.27064729665492465, "gradient_norm": 2.1371511202416427, "batch_size": 47, "patience": 40, "beta": 0.23990423945519593, "z_dim": 7}