{"lr": 0.0018145324509353177, "dropout": 0.1545710570638115, "gradient_norm": 1.9730737221916232, "batch_size": 47, "patience": 33, "beta": 18.781870017950244, "z_dim": 19}