{"lr": 0.0019364408774613575, "dropout": 0.08172412206389493, "gradient_norm": 2.265271841937522, "batch_size": 43, "patience": 30, "beta": 3.934504284165223, "z_dim": 17}