{"lr": 0.011739405205110177, "dropout": 0.06520062877485686, "gradient_norm": 0.8904779057692228, "batch_size": 50, "patience": 34, "beta": 1.961493795597794, "z_dim": 3}