{"lr": 0.012019914280444879, "dropout": 0.2578825073544844, "gradient_norm": 0.8210468247641487, "batch_size": 53, "patience": 25, "beta": 0.39097138099555, "z_dim": 16}