{"lr": 0.0022954958485447525, "dropout": 0.14053713938426113, "gradient_norm": 0.6918026007383778, "batch_size": 51, "patience": 20, "beta": 95.48070425729917, "z_dim": 14}