{"lr": 0.016395474789436544, "dropout": 0.11835655175317267, "gradient_norm": 1.7700100233882314, "batch_size": 46, "patience": 30, "beta": 1.5176020395147498, "z_dim": 11}