{"lr": 0.0005357336705488395, "dropout": 0.12406541295349599, "gradient_norm": 1.2718957029283047, "batch_size": 59, "patience": 46, "beta": 1.9563713179901243, "z_dim": 16, "weight_decay": 0.04841995537281037}