{"lr": 0.012549756124866595, "dropout": 0.20412220594277733, "gradient_norm": 1.627559580009458, "batch_size": 58, "patience": 16, "beta": 5.110175924195228, "z_dim": 7}