{"lr": 4.992565186425912e-05, "dropout": 0.24549606414275355, "gradient_norm": 1.7947566433229105, "batch_size": 32, "patience": 25, "beta": 5.719747640972531, "z_dim": 48, "weight_decay": 0.016613753101843105}