{"lr": 0.002351727357686085, "dropout": 0.0, "gradient_norm": 2.5, "batch_size": 64, "patience": 50, "z_dim": 32, "weight_decay": 0.0, "mean": 11.95345262844888, "std": 0.7435150866497815}