{"lr": 2.9225729109304475e-05, "dropout": 0.4, "gradient_norm": 1.3003325215063926, "batch_size": 49, "patience": 25}