{"lr": 0.007277891386162766, "dropout": 0.2848304133862257, "gradient_norm": 1.9411574304103851, "batch_size": 15, "patience": 41}