{"lr": 0.0009475985153674111, "dropout": 0.2705466709268017, "gradient_norm": 1.0873580364651718, "batch_size": 48, "patience": 41}