{"lr": 0.00018344438779976948, "dropout": 0.3352269154042006, "gradient_norm": 0.6465409453958273, "patience": 41}