{"lr": 0.0007535500570139109, "dropout": 0.4, "gradient_norm": 1.2276776934097429, "patience": 36}