{"lr": 4.7935114599059105e-05, "dropout": 0.06802218715438085, "gradient_norm": 1.0643766152484262, "patience": 42}