{"lr": 0.0037732070214524, "dropout": 0.307719261944294, "gradient_norm": 0.6443977635353804, "batch_size": 57, "patience": 45}